keyword,location,country,title,url,description
eyeglasses,Hubli,India,"Visit Hubli,Titan Eye+ Lemington RD | Optician Near me",https://www.titaneyeplus.com/stores/india/karnataka/hubli/titan-eye-lemington-rd,No description available
eyeglasses,Hubli,India,Lenskart Azad Colony Hubli,https://www.lenskart.com/stores/lenskart-com-azad-colony-hubli-urban-square-hubli-627774/Home,No description available
eyeglasses,Hubli,India,Lenskart Gokul Road Hubli,https://www.lenskart.com/stores/lenskart-com-gokul-road-hubli-basaveshvar-nagar-hubli-951903/Home,No description available
eyeglasses,Hubli,India,Hubballi,https://duckduckgo.com/,No description available
eyeglasses,Hubli,India,Hubballi,https://duckduckgo.com/,No description available
eyeglasses,Hubli,India,Lenskart Hubli | optician near me,https://locator-stores.lenskart.com/location/karnataka/hubli,No description available
eyeglasses,Hubli,India,Opticians in Hubli - Best Optical Shops Near Me in Hubli,https://hubli.idbf.in/optical,No description available
eyeglasses,Hubli,India,Lenskart Stores Near Me | Free Eye Test near me | Optician Near Me ...,https://www.lenskart.com/stores/location/karnataka/hubli,No description available
eyeglasses,Hubli,India,"Best Optical Shop In Hubli, Karnataka, India - Titan Eye+",https://www.titaneyeplus.com/stores/india/karnataka/hubli,No description available
eyeglasses,Hubli,India,shirur-park-hubli - Specsmakers,https://www.specsmakers.in/pages/store-locator/shirur-park-hubli,No description available
eyeglasses,Hubli,India,"- Hubli Optico - No 1 showroom for frames, lens, spectacles, Sunglasses",https://hublioptico.com/,No description available
eyeglasses,Hubli,India,"Visit Hubli,Titan Eye+ Vidhya Nagar | Optician Near me",https://www.titaneyeplus.com/stores/india/karnataka/hubli/titan-eye-vidhya-nagar,No description available
